edge_id,node_a,node_b,similarity
0,0,192,0.823529
1,0,1088,0.000000
2,192,1088,0.176471
3,1,1661,0.588235
4,1,1753,0.235294
5,1661,1753,0.176471
6,2,1207,0.941176
7,2,1541,0.000000
8,1207,1541,0.058824
9,3,231,0.176471
10,3,1158,0.823529
11,231,1158,0.000000
12,3,313,0.705882
13,3,1685,0.000000
14,313,1685,0.294118
15,3,605,0.076923
16,3,1184,0.000000
17,605,1184,0.923077
18,6,223,0.714286
19,6,1427,0.285714
20,223,1427,0.000000
21,6,224,0.333333
22,6,528,0.500000
23,224,528,0.166667
24,6,741,0.875000
25,6,1233,0.125000
26,741,1233,0.000000
27,6,1358,0.461538
28,6,1762,0.461538
29,1358,1762,0.076923
30,7,893,0.555556
31,7,1540,0.111111
32,893,1540,0.333333
33,7,1111,0.111111
34,7,1768,0.222222
35,1111,1768,0.666667
36,8,414,0.642857
37,8,1675,0.071429
38,414,1675,0.285714
39,8,906,0.000000
40,8,1574,0.812500
41,906,1574,0.187500
42,8,967,0.058824
43,8,1763,0.705882
44,967,1763,0.235294
45,9,183,0.375000
46,9,1793,0.000000
47,183,1793,0.625000
48,11,50,0.187500
49,11,1500,0.187500
50,50,1500,0.625000
51,11,370,0.882353
52,11,554,0.117647
53,370,554,0.000000
54,11,588,0.066667
55,11,991,0.933333
56,588,991,0.000000
57,11,817,0.000000
58,11,1007,0.833333
59,817,1007,0.166667
60,12,1402,0.200000
61,12,1723,0.066667
62,1402,1723,0.733333
63,13,76,0.277778
64,13,1042,0.722222
65,76,1042,0.000000
66,13,990,0.800000
67,13,1502,0.100000
68,990,1502,0.100000
69,14,323,0.684211
70,14,500,0.210526
71,323,500,0.105263
72,15,295,0.062500
73,15,732,0.625000
74,295,732,0.312500
75,15,380,0.111111
76,15,1167,0.388889
77,380,1167,0.500000
78,15,408,0.375000
79,15,1484,0.437500
80,408,1484,0.187500
81,16,430,0.312500
82,16,431,0.375000
83,430,431,0.312500
84,16,1286,0.687500
85,16,1364,0.312500
86,1286,1364,0.000000
87,18,989,0.687500
88,18,1692,0.187500
89,989,1692,0.125000
90,20,664,0.050000
91,20,1705,0.500000
92,664,1705,0.450000
93,22,174,0.666667
94,22,1192,0.111111
95,174,1192,0.222222
96,23,664,0.315789
97,23,1633,0.421053
98,664,1633,0.263158
99,24,128,1.000000
100,24,1439,0.000000
101,128,1439,0.000000
102,25,909,0.166667
103,25,1091,0.833333
104,909,1091,0.000000
105,26,64,0.055556
106,26,798,0.833333
107,64,798,0.111111
108,26,92,0.000000
109,26,1238,1.000000
110,92,1238,0.000000
111,26,118,0.157895
112,26,218,0.052632
113,118,218,0.789474
114,26,563,0.000000
115,26,1618,0.611111
116,563,1618,0.388889
117,26,734,0.176471
118,26,984,0.117647
119,734,984,0.705882
120,27,152,0.611111
121,27,701,0.000000
122,152,701,0.388889
123,27,258,0.928571
124,27,1553,0.000000
125,258,1553,0.071429
126,27,307,0.125000
127,27,1351,0.062500
128,307,1351,0.812500
129,27,875,0.000000
130,27,1147,0.764706
131,875,1147,0.235294
132,28,312,0.230769
133,28,1771,0.384615
134,312,1771,0.384615
135,28,737,0.111111
136,28,1620,0.888889
137,737,1620,0.000000
138,29,701,0.875000
139,29,1397,0.125000
140,701,1397,0.000000
141,29,935,0.200000
142,29,1516,0.666667
143,935,1516,0.133333
144,29,1569,0.875000
145,29,1690,0.125000
146,1569,1690,0.000000
147,30,189,0.000000
148,30,1793,1.000000
149,189,1793,0.000000
150,30,217,0.090909
151,30,770,0.636364
152,217,770,0.272727
153,31,279,0.058824
154,31,1733,0.705882
155,279,1733,0.235294
156,32,55,0.941176
157,32,899,0.000000
158,55,899,0.058824
159,32,151,0.058824
160,32,445,0.882353
161,151,445,0.058824
162,32,559,0.076923
163,32,1318,0.076923
164,559,1318,0.846154
165,33,591,0.294118
166,33,1624,0.176471
167,591,1624,0.529412
168,33,1339,0.090909
169,33,1455,0.272727
170,1339,1455,0.636364
171,34,1217,0.411765
172,34,1374,0.235294
173,1217,1374,0.352941
174,35,556,0.142857
175,35,1650,0.357143
176,556,1650,0.500000
177,35,1701,0.588235
178,35,1780,0.117647
179,1701,1780,0.294118
180,36,1231,0.571429
181,36,1667,0.071429
182,1231,1667,0.357143
183,37,156,0.071429
184,37,387,0.785714
185,156,387,0.142857
186,38,905,0.285714
187,38,1674,0.428571
188,905,1674,0.285714
189,39,352,0.583333
190,39,997,0.083333
191,352,997,0.333333
192,39,799,0.263158
193,39,1758,0.052632
194,799,1758,0.684211
195,40,206,0.882353
196,40,939,0.000000
197,206,939,0.117647
198,40,1611,0.000000
199,40,1763,0.055556
200,1611,1763,0.944444
201,42,514,0.916667
202,42,927,0.000000
203,514,927,0.083333
204,43,287,0.076923
205,43,450,0.076923
206,287,450,0.846154
207,43,803,0.705882
208,43,1240,0.058824
209,803,1240,0.235294
210,45,397,0.000000
211,45,1525,0.928571
212,397,1525,0.071429
213,46,510,0.000000
214,46,1445,0.000000
215,510,1445,1.000000
216,46,549,0.437500
217,46,1303,0.250000
218,549,1303,0.312500
219,46,1031,0.846154
220,46,1551,0.000000
221,1031,1551,0.153846
222,47,828,0.411765
223,47,973,0.117647
224,828,973,0.470588
225,48,153,0.882353
226,48,522,0.117647
227,153,522,0.000000
228,48,1031,0.105263
229,48,1633,0.421053
230,1031,1633,0.473684
231,50,86,0.866667
232,50,601,0.066667
233,86,601,0.066667
234,50,512,0.666667
235,50,849,0.222222
236,512,849,0.111111
237,51,79,0.176471
238,51,300,0.058824
239,79,300,0.764706
240,51,162,0.076923
241,51,866,0.153846
242,162,866,0.769231
243,51,242,0.611111
244,51,1281,0.333333
245,242,1281,0.055556
246,51,845,0.476190
247,51,999,0.047619
248,845,999,0.476190
249,52,206,0.117647
250,52,1494,0.882353
251,206,1494,0.000000
252,52,264,0.117647
253,52,1828,0.235294
254,264,1828,0.647059
255,52,314,0.000000
256,52,391,0.882353
257,314,391,0.117647
258,52,439,0.000000
259,52,640,0.294118
260,439,640,0.705882
261,53,778,0.000000
262,53,1144,0.133333
263,778,1144,0.866667
264,53,838,0.785714
265,53,897,0.142857
266,838,897,0.071429
267,53,877,0.562500
268,53,1096,0.375000
269,877,1096,0.062500
270,55,71,0.000000
271,55,571,0.454545
272,71,571,0.545455
273,55,983,0.000000
274,55,1177,0.000000
275,983,1177,1.000000
276,56,157,0.588235
277,56,477,0.117647
278,157,477,0.294118
279,57,253,0.125000
280,57,712,0.812500
281,253,712,0.062500
282,59,634,0.214286
283,59,1477,0.500000
284,634,1477,0.285714
285,59,1248,0.666667
286,59,1628,0.266667
287,1248,1628,0.066667
288,60,268,0.428571
289,60,426,0.214286
290,268,426,0.357143
291,60,397,0.187500
292,60,1806,0.437500
293,397,1806,0.375000
294,60,624,0.000000
295,60,1179,0.777778
296,624,1179,0.222222
297,61,342,0.214286
298,61,1623,0.285714
299,342,1623,0.500000
300,61,505,0.363636
301,61,635,0.454545
302,505,635,0.181818
303,63,379,0.850000
304,63,1172,0.150000
305,379,1172,0.000000
306,63,505,1.000000
307,63,878,0.000000
308,505,878,0.000000
309,64,151,0.333333
310,64,872,0.133333
311,151,872,0.533333
312,64,1573,0.083333
313,64,1686,0.333333
314,1573,1686,0.583333
315,65,198,0.428571
316,65,1481,0.428571
317,198,1481,0.142857
318,65,830,0.066667
319,65,998,0.000000
320,830,998,0.933333
321,65,1301,0.000000
322,65,1754,0.928571
323,1301,1754,0.071429
324,66,1431,0.823529
325,66,1806,0.176471
326,1431,1806,0.000000
327,67,901,0.230769
328,67,1691,0.461538
329,901,1691,0.307692
330,68,108,0.714286
331,68,128,0.285714
332,108,128,0.000000
333,68,848,0.687500
334,68,1180,0.000000
335,848,1180,0.312500
336,68,874,0.625000
337,68,968,0.312500
338,874,968,0.062500
339,68,1230,0.157895
340,68,1364,0.000000
341,1230,1364,0.842105
342,68,1690,0.066667
343,68,1702,0.400000
344,1690,1702,0.533333
345,69,478,0.066667
346,69,1784,0.866667
347,478,1784,0.066667
348,69,809,0.500000
349,69,1196,0.285714
350,809,1196,0.214286
351,71,523,0.000000
352,71,822,0.400000
353,523,822,0.538462
354,71,560,0.105263
355,71,977,0.000000
356,560,977,0.894737
357,71,661,0.307692
358,71,960,0.538462
359,661,960,0.153846
360,71,1307,0.235294
361,822,1307,0.411765
362,71,1366,0.357143
363,71,1539,0.142857
364,1366,1539,0.500000
365,72,650,0.142857
366,72,1346,0.357143
367,650,1346,0.500000
368,72,927,0.888889
369,72,1235,0.055556
370,927,1235,0.055556
371,73,518,0.461538
372,73,738,0.000000
373,518,738,0.538462
374,74,387,0.388889
375,74,1602,0.055556
376,387,1602,0.555556
377,74,407,0.000000
378,74,686,0.000000
379,407,686,1.000000
380,74,566,0.187500
381,74,1697,0.562500
382,566,1697,0.250000
383,74,908,0.909091
384,74,1629,0.000000
385,908,1629,0.090909
386,75,457,0.384615
387,75,536,0.153846
388,457,536,0.461538
389,75,1027,0.200000
390,75,1766,0.266667
391,1027,1766,0.533333
392,75,1294,0.111111
393,75,1643,0.444444
394,1294,1643,0.444444
395,76,891,0.642857
396,76,1244,0.214286
397,891,1244,0.142857
398,77,1080,0.055556
399,77,1282,0.000000
400,1080,1282,0.944444
401,78,1355,0.266667
402,78,1784,0.733333
403,1355,1784,0.000000
404,79,211,0.000000
405,79,1846,0.846154
406,211,1846,0.153846
407,79,937,0.062500
408,79,1181,0.437500
409,937,1181,0.500000
410,80,94,0.571429
411,80,1403,0.285714
412,94,1403,0.142857
413,81,109,0.333333
414,81,271,0.166667
415,109,271,0.500000
416,81,246,0.000000
417,81,328,0.187500
418,246,328,0.812500
419,81,1047,0.210526
420,81,1288,0.526316
421,1047,1288,0.263158
422,82,405,0.384615
423,82,1562,0.000000
424,405,1562,0.615385
425,82,423,0.235294
426,82,1186,0.470588
427,423,1186,0.294118
428,82,897,0.375000
429,82,1653,0.187500
430,897,1653,0.437500
431,83,130,0.285714
432,83,720,0.142857
433,130,720,0.571429
434,83,846,0.428571
435,83,1457,0.071429
436,846,1457,0.500000
437,83,1492,0.411765
438,83,1526,0.235294
439,1492,1526,0.352941
440,83,1751,0.142857
441,83,1840,0.000000
442,1751,1840,0.857143
443,84,146,0.277778
444,84,347,0.000000
445,146,347,0.722222
446,84,809,0.882353
447,84,1450,0.058824
448,809,1450,0.058824
449,86,1201,0.733333
450,86,1472,0.133333
451,1201,1472,0.133333
452,87,166,0.285714
453,87,466,0.000000
454,166,466,0.714286
455,88,503,0.750000
456,88,1725,0.250000
457,503,1725,0.000000
458,90,494,0.142857
459,90,686,0.642857
460,494,686,0.214286
461,90,522,0.000000
462,90,1601,0.117647
463,522,1601,0.882353
464,90,1299,0.117647
465,90,1563,0.058824
466,1299,1563,0.823529
467,91,181,0.200000
468,91,1720,0.133333
469,181,1720,0.666667
470,91,546,0.285714
471,91,1465,0.428571
472,546,1465,0.285714
473,92,1108,0.133333
474,92,1242,0.733333
475,1108,1242,0.133333
476,93,1228,0.000000
477,93,1320,0.916667
478,1228,1320,0.083333
479,94,592,0.076923
480,94,1367,0.384615
481,592,1367,0.538462
482,94,1008,0.285714
483,94,1651,0.071429
484,1008,1651,0.642857
485,95,863,0.294118
486,95,1316,0.176471
487,863,1316,0.529412
488,96,186,0.157895
489,96,1527,0.578947
490,186,1527,0.263158
491,96,936,0.384615
492,96,1216,0.076923
493,936,1216,0.538462
494,97,437,0.000000
495,97,1519,0.333333
496,437,1519,0.666667
497,100,353,0.166667
498,100,412,0.777778
499,353,412,0.055556
500,101,1450,0.100000
501,101,1666,0.900000
502,1450,1666,0.000000
503,103,230,0.631579
504,103,1063,0.210526
505,230,1063,0.157895
506,105,638,1.000000
507,105,1689,0.000000
508,638,1689,0.000000
509,106,248,0.235294
510,106,908,0.000000
511,248,908,0.764706
512,106,502,0.000000
513,106,1781,0.400000
514,502,1781,0.600000
515,106,649,0.058824
516,106,1681,0.235294
517,649,1681,0.705882
518,107,529,0.000000
519,107,943,0.823529
520,529,943,0.176471
521,108,1082,0.357143
522,108,1377,0.571429
523,1082,1377,0.071429
524,109,380,0.357143
525,109,893,0.357143
526,380,893,0.285714
527,109,912,0.444444
528,109,1385,0.444444
529,912,1385,0.111111
530,110,495,0.333333
531,110,594,0.611111
532,495,594,0.055556
533,111,1206,0.066667
534,111,1788,0.133333
535,1206,1788,0.800000
536,112,618,0.357143
537,112,1247,0.285714
538,618,1247,0.357143
539,112,1190,0.235294
540,112,1625,0.294118
541,1190,1625,0.470588
542,113,285,0.000000
543,113,1082,0.181818
544,285,1082,0.818182
545,113,1245,0.538462
546,113,1538,0.076923
547,1245,1538,0.384615
548,114,507,0.000000
549,114,1183,0.833333
550,507,1183,0.166667
551,115,725,0.000000
552,115,1091,1.000000
553,725,1091,0.000000
554,116,460,0.200000
555,116,587,0.600000
556,460,587,0.200000
557,117,172,0.600000
558,117,734,0.066667
559,172,734,0.333333
560,117,587,0.062500
561,117,685,0.125000
562,587,685,0.812500
563,118,617,0.250000
564,118,1722,0.750000
565,617,1722,0.000000
566,119,358,0.571429
567,119,626,0.357143
568,358,626,0.071429
569,120,1528,0.000000
570,120,1818,0.941176
571,1528,1818,0.058824
572,121,208,0.315789
573,121,835,0.368421
574,208,835,0.315789
575,123,554,0.166667
576,123,1393,0.166667
577,554,1393,0.666667
578,123,628,0.562500
579,123,904,0.250000
580,628,904,0.187500
581,124,137,0.800000
582,124,1564,0.066667
583,137,1564,0.133333
584,125,167,0.875000
585,125,1496,0.125000
586,167,1496,0.000000
587,125,674,0.066667
588,125,1574,0.733333
589,674,1574,0.200000
590,125,854,0.333333
591,125,1381,0.266667
592,854,1381,0.400000
593,125,859,0.500000
594,125,1265,0.111111
595,859,1265,0.388889
596,125,937,0.000000
597,125,1831,0.000000
598,937,1831,1.000000
599,126,212,0.235294
600,126,1546,0.647059
601,212,1546,0.117647
602,126,465,0.461538
603,126,1031,0.153846
604,465,1031,0.384615
605,127,733,0.062500
606,127,1106,0.250000
607,733,1106,0.687500
608,127,816,0.333333
609,127,1179,0.583333
610,816,1179,0.083333
611,129,201,0.266667
612,129,623,0.733333
613,201,623,0.000000
614,129,1180,0.533333
615,129,1575,0.133333
616,1180,1575,0.333333
617,129,1765,0.785714
618,129,1800,0.142857
619,1765,1800,0.071429
620,130,1065,0.428571
621,130,1254,0.214286
622,1065,1254,0.357143
623,132,957,0.058824
624,132,1343,0.294118
625,957,1343,0.647059
626,133,506,0.000000
627,133,1608,0.133333
628,506,1608,0.866667
629,133,666,0.461538
630,133,1738,0.076923
631,666,1738,0.461538
632,134,161,0.625000
633,134,643,0.000000
634,161,643,0.375000
635,134,221,0.105263
636,134,1390,0.000000
637,221,1390,0.894737
638,134,489,0.000000
639,134,868,0.000000
640,489,868,1.000000
641,134,533,0.058824
642,134,814,0.000000
643,533,814,0.941176
644,134,865,0.222222
645,134,1030,0.055556
646,865,1030,0.722222
647,134,1177,0.000000
648,134,1179,0.047619
649,1177,1179,0.952381
650,135,238,0.875000
651,135,1218,0.125000
652,238,1218,0.000000
653,135,520,0.111111
654,135,542,0.277778
655,520,542,0.611111
656,138,145,0.666667
657,138,644,0.000000
658,145,644,0.333333
659,138,299,0.600000
660,138,1610,0.350000
661,299,1610,0.050000
662,138,374,0.923077
663,138,982,0.000000
664,374,982,0.076923
665,138,810,0.066667
666,138,1381,0.866667
667,810,1381,0.066667
668,138,1044,0.888889
669,138,1183,0.000000
670,1044,1183,0.111111
671,138,1523,0.562500
672,138,1733,0.187500
673,1523,1733,0.250000
674,139,992,0.266667
675,139,1658,0.733333
676,992,1658,0.000000
677,139,1521,0.250000
678,139,1823,0.000000
679,1521,1823,0.750000
680,141,1004,0.235294
681,141,1310,0.764706
682,1004,1310,0.000000
683,142,1193,0.785714
684,142,1787,0.071429
685,1193,1787,0.142857
686,145,249,0.846154
687,145,1675,0.076923
688,249,1675,0.076923
689,145,1104,0.526316
690,145,1659,0.157895
691,1104,1659,0.315789
692,146,1000,0.133333
693,146,1739,0.333333
694,1000,1739,0.533333
695,148,612,0.941176
696,148,1195,0.000000
697,612,1195,0.058824
698,148,646,0.058824
699,148,1188,0.000000
700,646,1188,0.941176
701,148,1470,0.062500
702,148,1751,0.875000
703,1470,1751,0.062500
704,149,1228,0.666667
705,149,1241,0.133333
706,1228,1241,0.200000
707,150,1025,0.266667
708,150,1354,0.200000
709,1025,1354,0.533333
710,151,629,0.076923
711,151,743,0.846154
712,629,743,0.076923
713,151,1147,0.000000
714,151,1794,0.529412
715,1147,1794,0.470588
716,153,245,0.000000
717,153,1075,0.230769
718,245,1075,0.769231
719,153,289,0.294118
720,153,1656,0.058824
721,289,1656,0.647059
722,153,476,0.055556
723,153,1015,0.722222
724,476,1015,0.222222
725,154,501,0.210526
726,154,1784,0.263158
727,501,1784,0.526316
728,155,475,0.470588
729,155,1325,0.529412
730,475,1325,0.000000
731,155,1126,0.000000
732,155,1461,0.789474
733,1126,1461,0.210526
734,156,670,0.055556
735,156,1802,0.944444
736,670,1802,0.000000
737,156,856,1.000000
738,156,1851,0.000000
739,856,1851,0.000000
740,157,963,0.941176
741,157,994,0.000000
742,963,994,0.058824
743,158,766,0.176471
744,158,1605,0.764706
745,766,1605,0.058824
746,159,512,0.866667
747,159,885,0.000000
748,512,885,0.133333
749,160,276,0.923077
750,160,666,0.076923
751,276,666,0.000000
752,160,1288,0.142857
753,160,1727,0.142857
754,1288,1727,0.714286
755,161,449,0.526316
756,161,1658,0.105263
757,449,1658,0.368421
758,161,732,0.944444
759,161,1682,0.000000
760,732,1682,0.055556
761,162,496,0.210526
762,162,799,0.631579
763,496,799,0.157895
764,162,525,0.066667
765,162,1442,0.866667
766,525,1442,0.066667
767,163,1502,0.800000
768,163,1699,0.066667
769,1502,1699,0.133333
770,165,264,1.000000
771,165,514,0.000000
772,264,514,0.000000
773,166,684,0.071429
774,166,1678,0.285714
775,684,1678,0.642857
776,168,330,0.111111
777,168,614,0.833333
778,330,614,0.055556
779,169,936,0.357143
780,169,1762,0.142857
781,936,1762,0.500000
782,169,1493,0.571429
783,169,1551,0.071429
784,1493,1551,0.357143
785,170,358,0.187500
786,170,1004,0.687500
787,358,1004,0.125000
788,170,973,0.937500
789,170,1038,0.000000
790,973,1038,0.062500
791,170,1164,0.111111
792,170,1343,0.611111
793,1164,1343,0.277778
794,172,651,0.357143
795,172,773,0.500000
796,651,773,0.142857
797,173,469,0.153846
798,173,967,0.076923
799,469,967,0.769231
800,173,836,0.000000
801,173,904,0.937500
802,836,904,0.062500
803,174,793,0.400000
804,174,1156,0.200000
805,793,1156,0.400000
806,174,932,0.923077
807,174,1758,0.000000
808,932,1758,0.076923
809,174,942,0.533333
810,174,1163,0.066667
811,942,1163,0.400000
812,175,296,0.272727
813,175,950,0.363636
814,296,950,0.363636
815,176,480,0.533333
816,176,596,0.133333
817,480,596,0.333333
818,176,503,0.714286
819,176,511,0.214286
820,503,511,0.071429
821,177,217,0.722222
822,177,1216,0.277778
823,217,1216,0.000000
824,177,251,0.857143
825,177,733,0.071429
826,251,733,0.071429
827,178,866,0.125000
828,178,1054,0.812500
829,866,1054,0.062500
830,179,1002,0.368421
831,179,1227,0.631579
832,1002,1227,0.000000
833,181,674,0.277778
834,181,1795,0.055556
835,674,1795,0.666667
836,181,754,0.750000
837,181,1396,0.062500
838,754,1396,0.187500
839,182,789,0.550000
840,182,1067,0.100000
841,789,1067,0.350000
842,182,842,0.916667
843,182,1795,0.000000
844,842,1795,0.083333
845,183,759,0.333333
846,183,1798,0.133333
847,759,1798,0.533333
848,185,1434,0.666667
849,185,1594,0.111111
850,1434,1594,0.222222
851,187,434,0.125000
852,187,1759,0.687500
853,434,1759,0.187500
854,187,435,0.684211
855,187,1433,0.263158
856,435,1433,0.052632
857,188,585,0.000000
858,188,1445,0.533333
859,585,1445,0.466667
860,188,611,0.000000
861,188,637,0.000000
862,611,637,1.000000
863,188,1281,0.400000
864,188,1826,0.200000
865,1281,1826,0.400000
866,189,350,0.058824
867,189,887,0.352941
868,350,887,0.588235
869,190,204,0.684211
870,190,1112,0.157895
871,204,1112,0.157895
872,191,207,0.066667
873,191,1060,0.400000
874,207,1060,0.533333
875,191,328,0.666667
876,191,1284,0.200000
877,328,1284,0.133333
878,191,658,0.000000
879,191,1819,1.000000
880,658,1819,0.000000
881,192,491,0.000000
882,192,1824,0.000000
883,491,1824,1.000000
884,192,559,0.285714
885,192,1542,0.285714
886,559,1542,0.428571
887,192,797,0.470588
888,192,836,0.411765
889,797,836,0.117647
890,192,1230,0.235294
891,192,1531,0.235294
892,1230,1531,0.529412
893,193,540,0.214286
894,193,1677,0.571429
895,540,1677,0.214286
896,194,787,0.555556
897,194,1017,0.277778
898,787,1017,0.166667
899,196,341,0.142857
900,196,1717,0.142857
901,341,1717,0.714286
902,196,343,0.066667
903,196,1419,0.666667
904,343,1419,0.266667
905,196,824,0.437500
906,196,1356,0.187500
907,824,1356,0.375000
908,197,887,0.750000
909,197,1690,0.187500
910,887,1690,0.062500
911,198,409,0.666667
912,198,836,0.277778
913,409,836,0.055556
914,199,437,0.444444
915,199,915,0.000000
916,437,915,0.555556
917,199,733,0.066667
918,199,1623,0.800000
919,733,1623,0.133333
920,200,337,0.277778
921,200,1370,0.666667
922,337,1370,0.055556
923,200,497,0.294118
924,200,984,0.235294
925,497,984,0.470588
926,201,323,0.944444
927,201,1542,0.000000
928,323,1542,0.055556
929,202,456,0.714286
930,202,1805,0.142857
931,456,1805,0.142857
932,203,396,0.473684
933,203,1320,0.368421
934,396,1320,0.157895
935,203,1316,0.666667
936,203,1354,0.222222
937,1316,1354,0.111111
938,204,260,0.000000
939,204,867,0.923077
940,260,867,0.076923
941,204,360,0.055556
942,204,1671,0.277778
943,360,1671,0.666667
944,205,331,0.090909
945,205,1376,0.636364
946,331,1376,0.272727
947,205,619,0.058824
948,205,934,0.941176
949,619,934,0.000000
950,206,1830,0.214286
951,206,1848,0.714286
952,1830,1848,0.071429
953,208,404,0.500000
954,208,1530,0.214286
955,404,1530,0.285714
956,209,403,0.733333
957,209,646,0.066667
958,403,646,0.200000
959,209,569,0.157895
960,209,1817,0.842105
961,569,1817,0.000000
962,209,1111,0.235294
963,209,1206,0.647059
964,1111,1206,0.117647
965,210,237,0.400000
966,210,675,0.150000
967,237,675,0.450000
968,211,1279,0.272727
969,211,1622,0.181818
970,1279,1622,0.545455
971,212,341,0.187500
972,212,1128,0.562500
973,341,1128,0.250000
974,212,348,0.583333
975,212,358,0.333333
976,348,358,0.083333
977,212,886,0.176471
978,212,1609,0.058824
979,886,1609,0.764706
980,213,451,0.117647
981,213,1245,0.764706
982,451,1245,0.117647
983,214,281,0.437500
984,214,448,0.250000
985,281,448,0.312500
986,214,1251,0.000000
987,214,1376,0.800000
988,1251,1376,0.200000
989,215,1207,0.823529
990,215,1348,0.058824
991,1207,1348,0.117647
992,215,1371,0.533333
993,215,1589,0.000000
994,1371,1589,0.466667
995,216,1540,0.076923
996,216,1651,0.461538
997,1540,1651,0.461538
998,218,959,0.461538
999,218,1547,0.307692
1000,959,1547,0.230769
1001,221,274,0.176471
1002,221,301,0.764706
1003,274,301,0.058824
1004,221,646,0.200000
1005,221,1199,0.466667
1006,646,1199,0.333333
1007,221,896,0.846154
1008,221,1218,0.153846
1009,896,1218,0.000000
1010,222,290,0.400000
1011,222,1632,0.466667
1012,290,1632,0.133333
1013,225,520,0.250000
1014,225,1580,0.166667
1015,520,1580,0.583333
1016,226,394,0.153846
1017,226,663,0.307692
1018,394,663,0.538462
1019,226,870,0.400000
1020,226,1464,0.066667
1021,870,1464,0.533333
1022,227,1536,0.066667
1023,227,1632,0.000000
1024,1536,1632,0.933333
1025,228,809,0.000000
1026,228,1314,0.062500
1027,809,1314,0.937500
1028,228,1196,0.722222
1029,228,1502,0.000000
1030,1196,1502,0.277778
1031,229,785,0.500000
1032,229,1527,0.428571
1033,785,1527,0.071429
1034,230,518,0.875000
1035,230,1014,0.000000
1036,518,1014,0.125000
1037,231,408,0.105263
1038,231,539,0.473684
1039,408,539,0.421053
1040,232,376,0.933333
1041,232,1784,0.000000
1042,376,1784,0.066667
1043,233,337,0.421053
1044,233,1619,0.526316
1045,337,1619,0.052632
1046,233,656,0.473684
1047,233,1309,0.473684
1048,656,1309,0.052632
1049,234,323,0.125000
1050,234,1757,0.500000
1051,323,1757,0.375000
1052,235,628,0.444444
1053,235,1492,0.111111
1054,628,1492,0.444444
1055,236,845,0.000000
1056,236,1677,0.947368
1057,845,1677,0.052632
1058,236,1529,0.615385
1059,236,1554,0.307692
1060,1529,1554,0.076923
1061,237,1573,0.555556
1062,237,1789,0.055556
1063,1573,1789,0.388889
1064,237,1768,0.411765
1065,237,1820,0.352941
1066,1768,1820,0.235294
1067,238,307,0.687500
1068,238,771,0.062500
1069,307,771,0.250000
1070,238,500,0.000000
1071,238,1274,0.933333
1072,500,1274,0.066667
1073,239,1751,0.062500
1074,239,1838,0.375000
1075,1751,1838,0.562500
1076,242,856,0.062500
1077,242,1035,0.062500
1078,856,1035,0.875000
1079,245,343,0.153846
1080,245,729,0.153846
1081,343,729,0.692308
1082,245,967,0.083333
1083,245,1161,0.166667
1084,967,1161,0.750000
1085,246,259,0.800000
1086,246,1382,0.000000
1087,259,1382,0.200000
1088,248,1203,0.058824
1089,248,1575,0.058824
1090,1203,1575,0.882353
1091,248,1233,0.333333
1092,248,1818,0.333333
1093,1233,1818,0.333333
1094,250,988,0.588235
1095,250,1088,0.176471
1096,988,1088,0.235294
1097,251,593,0.187500
1098,251,833,0.437500
1099,593,833,0.375000
1100,252,690,0.571429
1101,252,1586,0.000000
1102,690,1586,0.428571
1103,256,408,0.375000
1104,256,1515,0.125000
1105,408,1515,0.500000
1106,257,576,0.312500
1107,257,1436,0.062500
1108,576,1436,0.625000
1109,257,715,0.125000
1110,257,1322,0.312500
1111,715,1322,0.562500
1112,258,956,0.933333
1113,258,1761,0.066667
1114,956,1761,0.000000
1115,258,1390,0.105263
1116,258,1728,0.421053
1117,1390,1728,0.473684
1118,259,642,0.562500
1119,259,792,0.250000
1120,642,792,0.187500
1121,259,836,0.066667
1122,259,1840,0.266667
1123,836,1840,0.666667
1124,264,281,0.066667
1125,264,559,0.733333
1126,281,559,0.200000
1127,264,355,0.625000
1128,264,1783,0.125000
1129,355,1783,0.250000
1130,264,404,0.833333
1131,264,419,0.055556
1132,404,419,0.111111
1133,267,280,0.562500
1134,267,1413,0.000000
1135,280,1413,0.437500
1136,267,529,0.562500
1137,267,1760,0.125000
1138,529,1760,0.312500
1139,269,444,0.500000
1140,269,1708,0.000000
1141,444,1708,0.500000
1142,269,800,0.000000
1143,269,1492,0.933333
1144,800,1492,0.066667
1145,269,1063,0.125000
1146,269,1836,0.250000
1147,1063,1836,0.625000
1148,269,1461,0.823529
1149,269,1793,0.000000
1150,1461,1793,0.176471
1151,270,801,0.615385
1152,270,1752,0.307692
1153,801,1752,0.076923
1154,274,389,0.095238
1155,274,899,0.000000
1156,389,899,0.904762
1157,274,631,0.352941
1158,274,1340,0.000000
1159,631,1340,0.647059
1160,274,992,0.944444
1161,274,1783,0.055556
1162,992,1783,0.000000
1163,275,344,0.000000
1164,275,1811,0.600000
1165,344,1811,0.400000
1166,275,899,0.333333
1167,275,1486,0.583333
1168,899,1486,0.083333
1169,275,1146,0.266667
1170,275,1624,0.466667
1171,1146,1624,0.266667
1172,276,918,0.076923
1173,276,1762,0.692308
1174,918,1762,0.230769
1175,277,622,0.142857
1176,277,1534,0.214286
1177,622,1534,0.642857
1178,278,1005,0.000000
1179,278,1227,0.071429
1180,1005,1227,0.928571
1181,280,667,1.000000
1182,280,1797,0.000000
1183,667,1797,0.000000
1184,280,1219,0.000000
1185,280,1363,0.411765
1186,1219,1363,0.588235
1187,281,571,0.166667
1188,281,1113,0.500000
1189,571,1113,0.333333
1190,282,642,0.388889
1191,282,1205,0.055556
1192,642,1205,0.555556
1193,283,1650,0.000000
1194,283,1787,0.285714
1195,1650,1787,0.714286
1196,284,1010,0.625000
1197,284,1153,0.250000
1198,1010,1153,0.125000
1199,284,1778,0.125000
1200,284,1849,0.250000
1201,1778,1849,0.625000
1202,285,499,0.222222
1203,285,1005,0.277778
1204,499,1005,0.500000
1205,285,1337,0.166667
1206,285,1636,0.777778
1207,1337,1636,0.055556
1208,286,1144,0.312500
1209,286,1340,0.125000
1210,1144,1340,0.562500
1211,287,714,0.000000
1212,287,1641,0.000000
1213,714,1641,1.000000
1214,288,600,0.357143
1215,288,1197,0.428571
1216,600,1197,0.214286
1217,288,975,0.111111
1218,288,1052,0.722222
1219,975,1052,0.166667
1220,289,686,0.000000
1221,289,1425,0.857143
1222,686,1425,0.142857
1223,289,1232,0.470588
1224,289,1395,0.529412
1225,1232,1395,0.000000
1226,290,1010,0.000000
1227,290,1849,0.125000
1228,1010,1849,0.875000
1229,290,1133,0.055556
1230,290,1822,0.444444
1231,1133,1822,0.500000
1232,290,1466,0.000000
1233,290,1693,0.428571
1234,1466,1693,0.571429
1235,291,553,0.090909
1236,291,1412,0.636364
1237,553,1412,0.272727
1238,291,756,0.357143
1239,291,1168,0.000000
1240,756,1168,0.642857
1241,293,839,0.000000
1242,293,1498,0.058824
1243,839,1498,0.941176
1244,294,1038,0.571429
1245,294,1685,0.428571
1246,1038,1685,0.000000
1247,295,320,0.937500
1248,295,1192,0.062500
1249,320,1192,0.000000
1250,295,539,0.066667
1251,295,1558,0.666667
1252,539,1558,0.266667
1253,295,1078,0.375000
1254,295,1489,0.500000
1255,1078,1489,0.125000
1256,299,381,0.285714
1257,299,528,0.357143
1258,381,528,0.357143
1259,299,759,0.611111
1260,299,1059,0.222222
1261,759,1059,0.166667
1262,299,1089,0.200000
1263,299,1790,0.200000
1264,1089,1790,0.600000
1265,299,1536,0.117647
1266,299,1604,0.764706
1267,1536,1604,0.117647
1268,300,1088,0.928571
1269,300,1779,0.071429
1270,1088,1779,0.000000
1271,301,619,0.153846
1272,301,1478,0.461538
1273,619,1478,0.384615
1274,301,1154,0.928571
1275,301,1465,0.000000
1276,1154,1465,0.071429
1277,302,671,0.066667
1278,302,1715,0.066667
1279,671,1715,0.866667
1280,302,779,0.250000
1281,302,1579,0.750000
1282,779,1579,0.000000
1283,302,875,0.066667
1284,302,1533,0.666667
1285,875,1533,0.266667
1286,304,367,0.000000
1287,304,853,0.933333
1288,367,853,0.066667
1289,304,554,0.000000
1290,304,1126,0.944444
1291,554,1126,0.055556
1292,305,354,0.000000
1293,305,1312,0.727273
1294,354,1312,0.272727
1295,305,361,0.666667
1296,305,727,0.277778
1297,361,727,0.055556
1298,305,420,0.312500
1299,305,1781,0.062500
1300,420,1781,0.625000
1301,305,629,0.333333
1302,305,818,0.416667
1303,629,818,0.250000
1304,307,322,0.388889
1305,307,990,0.611111
1306,322,990,0.000000
1307,307,432,0.100000
1308,307,1369,0.250000
1309,432,1369,0.650000
1310,307,766,0.357143
1311,307,1384,0.428571
1312,766,1384,0.214286
1313,308,884,0.066667
1314,308,1000,0.866667
1315,884,1000,0.066667
1316,308,1262,0.066667
1317,308,1263,0.933333
1318,1262,1263,0.000000
1319,310,675,0.272727
1320,310,1490,0.454545
1321,675,1490,0.272727
1322,311,463,0.000000
1323,311,1311,0.000000
1324,463,1311,1.000000
1325,311,558,1.000000
1326,311,1545,0.000000
1327,558,1545,0.000000
1328,311,783,0.823529
1329,311,978,0.117647
1330,783,978,0.058824
1331,312,879,0.625000
1332,312,1444,0.250000
1333,879,1444,0.125000
1334,314,467,0.687500
1335,314,1788,0.062500
1336,467,1788,0.250000
1337,314,879,0.812500
1338,314,1369,0.000000
1339,879,1369,0.187500
1340,316,1338,0.692308
1341,316,1809,0.153846
1342,1338,1809,0.153846
1343,318,1400,0.142857
1344,318,1525,0.500000
1345,1400,1525,0.357143
1346,319,533,0.071429
1347,319,718,0.571429
1348,533,718,0.357143
1349,320,823,0.687500
1350,320,922,0.125000
1351,823,922,0.187500
1352,322,653,0.777778
1353,322,750,0.166667
1354,653,750,0.055556
1355,323,801,0.809524
1356,323,962,0.142857
1357,801,962,0.047619
1358,326,688,0.769231
1359,326,925,0.076923
1360,688,925,0.153846
1361,327,719,1.000000
1362,327,835,0.000000
1363,719,835,0.000000
1364,328,1729,0.200000
1365,328,1788,0.000000
1366,1729,1788,0.800000
1367,329,1243,0.857143
1368,329,1348,0.142857
1369,1243,1348,0.000000
1370,332,601,0.833333
1371,332,1193,0.000000
1372,601,1193,0.166667
1373,333,1240,0.750000
1374,333,1770,0.187500
1375,1240,1770,0.062500
1376,333,1703,0.058824
1377,333,1761,0.882353
1378,1703,1761,0.058824
1379,334,1197,0.000000
1380,334,1469,0.400000
1381,1197,1469,0.600000
1382,335,1225,0.866667
1383,335,1713,0.066667
1384,1225,1713,0.066667
1385,336,341,0.277778
1386,336,1071,0.388889
1387,341,1071,0.333333
1388,336,347,0.000000
1389,336,853,0.785714
1390,347,853,0.214286
1391,336,746,0.777778
1392,336,1193,0.222222
1393,746,1193,0.000000
1394,336,813,0.937500
1395,336,1726,0.000000
1396,813,1726,0.062500
1397,336,874,0.105263
1398,336,882,0.789474
1399,874,882,0.105263
1400,337,930,1.000000
1401,337,1002,0.000000
1402,930,1002,0.000000
1403,338,350,0.235294
1404,338,1018,0.352941
1405,350,1018,0.411765
1406,338,376,0.421053
1407,338,1829,0.210526
1408,376,1829,0.368421
1409,338,1591,0.062500
1410,338,1800,0.812500
1411,1591,1800,0.125000
1412,339,702,0.545455
1413,339,921,0.272727
1414,702,921,0.181818
1415,339,1196,0.058824
1416,339,1387,0.705882
1417,1196,1387,0.235294
1418,340,510,0.000000
1419,340,1199,1.000000
1420,510,1199,0.000000
1421,341,443,0.562500
1422,341,1298,0.187500
1423,443,1298,0.250000
1424,342,563,0.625000
1425,342,726,0.187500
1426,563,726,0.187500
1427,343,688,0.000000
1428,343,875,0.066667
1429,688,875,0.933333
1430,344,617,0.368421
1431,344,977,0.263158
1432,617,977,0.368421
1433,347,1117,0.166667
1434,347,1700,0.000000
1435,1117,1700,0.833333
1436,349,627,0.352941
1437,349,1414,0.588235
1438,627,1414,0.058824
1439,350,849,0.666667
1440,350,1616,0.133333
1441,849,1616,0.200000
1442,351,1192,0.000000
1443,351,1807,0.933333
1444,1192,1807,0.066667
1445,352,1415,0.666667
1446,352,1560,0.266667
1447,1415,1560,0.066667
1448,353,964,0.000000
1449,353,1732,0.266667
1450,964,1732,0.733333
1451,354,694,0.055556
1452,354,1280,0.444444
1453,694,1280,0.500000
1454,354,1555,0.071429
1455,354,1583,0.571429
1456,1555,1583,0.357143
1457,355,439,0.631579
1458,355,1459,0.105263
1459,439,1459,0.263158
1460,355,1244,0.384615
1461,355,1720,0.461538
1462,1244,1720,0.153846
1463,356,774,0.944444
1464,356,1369,0.055556
1465,774,1369,0.000000
1466,361,496,0.266667
1467,361,561,0.733333
1468,496,561,0.000000
1469,362,470,0.615385
1470,362,1492,0.384615
1471,470,1492,0.000000
1472,362,560,0.428571
1473,362,1301,0.357143
1474,560,1301,0.214286
1475,362,1182,0.666667
1476,362,1258,0.200000
1477,1182,1258,0.133333
1478,363,1650,0.615385
1479,363,1706,0.384615
1480,1650,1706,0.000000
1481,365,796,0.000000
1482,365,1687,0.928571
1483,796,1687,0.071429
1484,365,843,0.055556
1485,365,1150,0.944444
1486,843,1150,0.000000
1487,365,964,0.071429
1488,365,977,0.785714
1489,964,977,0.142857
1490,365,1064,0.375000
1491,365,1670,0.125000
1492,1064,1670,0.500000
1493,365,1079,0.736842
1494,365,1333,0.210526
1495,1079,1333,0.052632
1496,366,373,0.625000
1497,366,1498,0.250000
1498,373,1498,0.125000
1499,366,428,0.000000
1500,366,514,0.263158
1501,428,514,0.736842
1502,367,914,0.266667
1503,367,1794,0.666667
1504,914,1794,0.066667
1505,368,538,0.058824
1506,368,1463,0.882353
1507,538,1463,0.058824
1508,369,1442,0.000000
1509,369,1518,0.142857
1510,1442,1518,0.857143
1511,370,1382,0.750000
1512,370,1438,0.187500
1513,1382,1438,0.062500
1514,371,1389,0.153846
1515,371,1471,0.846154
1516,1389,1471,0.000000
1517,372,1115,0.277778
1518,372,1268,0.055556
1519,1115,1268,0.666667
1520,373,1152,0.200000
1521,373,1158,0.600000
1522,1152,1158,0.200000
1523,373,1220,0.833333
1524,373,1722,0.111111
1525,1220,1722,0.055556
1526,373,1227,0.000000
1527,373,1779,0.888889
1528,1227,1779,0.111111
1529,374,905,0.238095
1530,374,1450,0.238095
1531,905,1450,0.523810
1532,375,378,0.950000
1533,375,1216,0.050000
1534,378,1216,0.000000
1535,375,781,0.062500
1536,375,1234,0.937500
1537,781,1234,0.000000
1538,377,394,0.588235
1539,377,791,0.352941
1540,394,791,0.058824
1541,378,1098,0.125000
1542,378,1739,0.187500
1543,1098,1739,0.687500
1544,383,745,0.230769
1545,383,1799,0.000000
1546,745,1799,0.769231
1547,384,1674,0.941176
1548,384,1755,0.058824
1549,1674,1755,0.000000
1550,385,806,0.800000
1551,385,1591,0.000000
1552,806,1591,0.200000
1553,387,658,0.052632
1554,387,977,0.052632
1555,658,977,0.894737
1556,388,467,0.000000
1557,388,1222,0.400000
1558,467,1222,0.600000
1559,388,1192,0.071429
1560,388,1368,0.714286
1561,1192,1368,0.214286
1562,392,597,0.600000
1563,392,1744,0.150000
1564,597,1744,0.250000
1565,393,1015,0.125000
1566,393,1165,0.187500
1567,1015,1165,0.687500
1568,394,1119,0.571429
1569,394,1781,0.071429
1570,1119,1781,0.357143
1571,395,491,0.789474
1572,395,1844,0.105263
1573,491,1844,0.105263
1574,395,605,0.125000
1575,395,1115,0.250000
1576,605,1115,0.625000
1577,396,1003,0.200000
1578,396,1668,0.466667
1579,1003,1668,0.333333
1580,397,821,0.437500
1581,397,1261,0.062500
1582,821,1261,0.500000
1583,400,583,0.000000
1584,400,1829,0.000000
1585,583,1829,1.000000
1586,401,710,0.133333
1587,401,787,0.266667
1588,710,787,0.600000
1589,401,1044,0.076923
1590,401,1349,0.076923
1591,1044,1349,0.846154
1592,401,1051,0.900000
1593,401,1240,0.000000
1594,1051,1240,0.100000
1595,402,632,0.133333
1596,402,1145,0.000000
1597,632,1145,0.866667
1598,404,1028,0.142857
1599,404,1461,0.761905
1600,1028,1461,0.095238
1601,404,1255,0.285714
1602,404,1680,0.214286
1603,1255,1680,0.500000
1604,404,1516,0.631579
1605,404,1544,0.315789
1606,1516,1544,0.052632
1607,405,638,0.000000
1608,405,1213,0.857143
1609,638,1213,0.142857
1610,405,771,0.250000
1611,405,1005,0.666667
1612,771,1005,0.083333
1613,405,849,0.636364
1614,405,1394,0.181818
1615,849,1394,0.181818
1616,405,1439,0.933333
1617,405,1514,0.066667
1618,1439,1514,0.000000
1619,407,1205,0.555556
1620,407,1309,0.166667
1621,1205,1309,0.277778
1622,408,977,0.666667
1623,408,1584,0.250000
1624,977,1584,0.083333
1625,412,633,0.000000
1626,412,1231,1.000000
1627,633,1231,0.000000
1628,412,875,0.500000
1629,412,1835,0.312500
1630,875,1835,0.187500
1631,413,682,0.071429
1632,413,821,0.571429
1633,682,821,0.357143
1634,413,1351,0.200000
1635,413,1427,0.600000
1636,1351,1427,0.200000
1637,414,618,0.466667
1638,414,702,0.266667
1639,618,702,0.266667
1640,416,638,0.692308
1641,416,1305,0.230769
1642,638,1305,0.076923
1643,416,657,0.000000
1644,416,1540,1.000000
1645,657,1540,0.000000
1646,416,685,0.400000
1647,416,1070,0.400000
1648,685,1070,0.200000
1649,417,702,0.000000
1650,417,1128,0.000000
1651,702,1128,1.000000
1652,417,848,0.000000
1653,417,1094,0.000000
1654,848,1094,1.000000
1655,417,1046,0.307692
1656,417,1733,0.692308
1657,1046,1733,0.000000
1658,417,1241,0.062500
1659,417,1585,0.750000
1660,1241,1585,0.187500
1661,419,715,0.142857
1662,419,744,0.761905
1663,715,744,0.095238
1664,421,664,0.833333
1665,421,781,0.111111
1666,664,781,0.055556
1667,421,1315,0.437500
1668,421,1580,0.250000
1669,1315,1580,0.312500
1670,424,490,0.857143
1671,424,1534,0.142857
1672,490,1534,0.000000
1673,424,689,0.500000
1674,424,883,0.214286
1675,689,883,0.285714
1676,424,731,0.166667
1677,424,1773,0.277778
1678,731,1773,0.555556
1679,425,1599,0.250000
1680,425,1601,0.312500
1681,1599,1601,0.437500
1682,426,1291,0.062500
1683,426,1355,0.625000
1684,1291,1355,0.312500
1685,428,604,0.375000
1686,428,1809,0.062500
1687,604,1809,0.562500
1688,429,722,0.461538
1689,429,1308,0.461538
1690,722,1308,0.076923
1691,432,1400,0.000000
1692,432,1460,0.866667
1693,1400,1460,0.133333
1694,433,769,0.437500
1695,433,1543,0.375000
1696,769,1543,0.187500
1697,434,1091,0.928571
1698,434,1490,0.071429
1699,1091,1490,0.000000
1700,437,1219,0.866667
1701,437,1408,0.066667
1702,1219,1408,0.066667
1703,437,1356,0.200000
1704,437,1829,0.050000
1705,1356,1829,0.750000
1706,438,1091,0.052632
1707,438,1354,0.526316
1708,1091,1354,0.421053
1709,438,1268,0.315789
1710,438,1832,0.631579
1711,1268,1832,0.052632
1712,440,465,0.000000
1713,440,1133,0.933333
1714,465,1133,0.066667
1715,441,740,0.062500
1716,441,1368,0.625000
1717,740,1368,0.312500
1718,442,450,0.062500
1719,442,1074,0.875000
1720,450,1074,0.062500
1721,442,1194,0.333333
1722,442,1626,0.266667
1723,1194,1626,0.400000
1724,444,801,0.076923
1725,444,1042,0.000000
1726,801,1042,0.923077
1727,446,1187,0.105263
1728,446,1805,0.736842
1729,1187,1805,0.157895
1730,447,1003,0.200000
1731,447,1006,0.466667
1732,1003,1006,0.333333
1733,448,1581,0.230769
1734,448,1629,0.692308
1735,1581,1629,0.076923
1736,448,1692,0.076923
1737,448,1766,0.769231
1738,1692,1766,0.153846
1739,449,1372,0.235294
1740,449,1653,0.647059
1741,1372,1653,0.117647
1742,451,673,1.000000
1743,451,1117,0.000000
1744,673,1117,0.000000
1745,451,950,0.153846
1746,451,1451,0.461538
1747,950,1451,0.384615
1748,452,897,0.000000
1749,452,1283,1.000000
1750,897,1283,0.000000
1751,453,1083,0.785714
1752,453,1781,0.000000
1753,1083,1781,0.214286
1754,454,482,0.333333
1755,454,1040,0.400000
1756,482,1040,0.266667
1757,455,1237,0.176471
1758,455,1787,0.647059
1759,1237,1787,0.176471
1760,455,1251,0.352941
1761,455,1264,0.117647
1762,1251,1264,0.529412
1763,459,1241,0.111111
1764,459,1617,0.055556
1765,1241,1617,0.833333
1766,460,1082,0.000000
1767,460,1774,0.333333
1768,1082,1774,0.666667
1769,460,1393,0.000000
1770,460,1838,0.363636
1771,1393,1838,0.636364
1772,463,636,0.214286
1773,463,645,0.142857
1774,636,645,0.642857
1775,463,676,0.625000
1776,463,1575,0.375000
1777,676,1575,0.000000
1778,463,1730,0.615385
1779,463,1741,0.384615
1780,1730,1741,0.000000
1781,465,668,0.000000
1782,465,1765,0.000000
1783,668,1765,1.000000
1784,466,908,0.615385
1785,466,1767,0.153846
1786,908,1767,0.230769
1787,467,659,0.125000
1788,467,1240,0.500000
1789,659,1240,0.375000
1790,467,1093,0.142857
1791,467,1499,0.571429
1792,1093,1499,0.285714
1793,468,672,0.692308
1794,468,964,0.153846
1795,672,964,0.153846
1796,469,857,0.076923
1797,469,1566,0.615385
1798,857,1566,0.307692
1799,469,1373,0.235294
1800,469,1489,0.529412
1801,1373,1489,0.235294
1802,470,1006,0.055556
1803,470,1314,0.277778
1804,1006,1314,0.428571
1805,474,1686,0.000000
1806,474,1691,0.916667
1807,1686,1691,0.083333
1808,478,864,0.333333
1809,478,972,0.200000
1810,864,972,0.466667
1811,478,924,0.187500
1812,478,1065,0.125000
1813,924,1065,0.687500
1814,479,1290,0.625000
1815,479,1657,0.250000
1816,1290,1657,0.125000
1817,480,911,0.333333
1818,480,1426,0.166667
1819,911,1426,0.500000
1820,480,1006,0.058824
1821,480,1314,0.764706
1822,482,609,0.090909
1823,482,1389,0.909091
1824,609,1389,0.000000
1825,482,1107,0.000000
1826,482,1646,0.866667
1827,1107,1646,0.133333
1828,482,1182,0.000000
1829,482,1750,0.941176
1830,1182,1750,0.058824
1831,483,499,0.066667
1832,483,1422,0.000000
1833,499,1422,0.933333
1834,483,1453,0.642857
1835,483,1568,0.214286
1836,1453,1568,0.142857
1837,484,1662,0.529412
1838,484,1802,0.117647
1839,1662,1802,0.352941
1840,486,498,0.526316
1841,486,1291,0.210526
1842,498,1291,0.263158
1843,487,946,0.066667
1844,487,1436,0.000000
1845,946,1436,0.933333
1846,487,1216,0.066667
1847,487,1755,0.133333
1848,1216,1755,0.800000
1849,489,833,0.285714
1850,489,1280,0.714286
1851,833,1280,0.000000
1852,492,994,0.000000
1853,492,1754,0.000000
1854,994,1754,1.000000
1855,493,1009,0.687500
1856,493,1486,0.125000
1857,1009,1486,0.187500
1858,495,752,0.058824
1859,495,1774,0.176471
1860,752,1774,0.764706
1861,496,1311,0.133333
1862,496,1675,0.800000
1863,1311,1675,0.066667
1864,497,525,0.444444
1865,497,1062,0.555556
1866,525,1062,0.000000
1867,499,805,0.176471
1868,499,940,0.588235
1869,805,940,0.235294
1870,503,1658,0.526316
1871,503,1675,0.000000
1872,1658,1675,0.473684
1873,504,1102,0.800000
1874,504,1604,0.133333
1875,1102,1604,0.066667
1876,506,620,0.538462
1877,506,815,0.000000
1878,620,815,0.461538
1879,506,970,0.333333
1880,506,1525,0.333333
1881,970,1525,0.333333
1882,508,960,0.312500
1883,508,1240,0.187500
1884,960,1240,0.500000
1885,509,994,0.058824
1886,509,1503,0.058824
1887,994,1503,0.882353
1888,509,1014,0.133333
1889,509,1297,0.800000
1890,1014,1297,0.066667
1891,512,595,0.687500
1892,512,814,0.187500
1893,595,814,0.125000
1894,512,690,0.642857
1895,512,1486,0.142857
1896,690,1486,0.214286
1897,513,1155,0.125000
1898,513,1156,0.750000
1899,1155,1156,0.125000
1900,515,714,0.600000
1901,515,728,0.000000
1902,714,728,0.400000
1903,515,1078,0.100000
1904,515,1332,0.900000
1905,1078,1332,0.000000
1906,516,1205,0.733333
1907,516,1683,0.200000
1908,1205,1683,0.066667
1909,518,538,0.444444
1910,518,1187,0.111111
1911,538,1187,0.444444
1912,519,557,0.428571
1913,519,739,0.214286
1914,557,739,0.357143
1915,519,897,0.666667
1916,519,1521,0.333333
1917,897,1521,0.000000
1918,519,1271,0.500000
1919,519,1704,0.285714
1920,1271,1704,0.214286
1921,525,639,0.000000
1922,525,694,1.000000
1923,639,694,0.000000
1924,526,1591,0.764706
1925,526,1844,0.000000
1926,1591,1844,0.235294
1927,528,1031,0.230769
1928,528,1375,0.692308
1929,1031,1375,0.076923
1930,531,647,0.176471
1931,531,1548,0.764706
1932,647,1548,0.058824
1933,532,624,0.611111
1934,532,771,0.055556
1935,624,771,0.333333
1936,533,563,0.571429
1937,533,1298,0.071429
1938,563,1298,0.357143
1939,535,1108,0.294118
1940,535,1293,0.294118
1941,1108,1293,0.411765
1942,536,822,0.470588
1943,536,1483,0.235294
1944,822,1483,0.294118
1945,536,1003,0.000000
1946,536,1542,0.000000
1947,1003,1542,1.000000
1948,538,541,0.000000
1949,538,1560,1.000000
1950,541,1560,0.000000
1951,538,1163,0.705882
1952,538,1223,0.176471
1953,1163,1223,0.117647
1954,542,720,0.800000
1955,542,1524,0.066667
1956,720,1524,0.133333
1957,543,717,0.733333
1958,543,1736,0.266667
1959,717,1736,0.000000
1960,543,966,1.000000
1961,543,1113,0.000000
1962,966,1113,0.000000
1963,545,1021,0.230769
1964,545,1179,0.307692
1965,1021,1179,0.461538
1966,546,689,0.062500
1967,546,1731,0.312500
1968,689,1731,0.625000
1969,547,1000,0.846154
1970,547,1442,0.000000
1971,1000,1442,0.153846
1972,553,1303,0.357143
1973,553,1730,0.357143
1974,1303,1730,0.285714
1975,556,983,0.312500
1976,556,1820,0.062500
1977,983,1820,0.625000
1978,557,881,0.500000
1979,557,1669,0.187500
1980,881,1669,0.312500
1981,558,563,0.058824
1982,558,1796,0.823529
1983,563,1796,0.117647
1984,560,947,0.222222
1985,560,1049,0.277778
1986,947,1049,0.500000
1987,561,867,0.000000
1988,561,1262,0.000000
1989,867,1262,1.000000
1990,562,647,0.000000
1991,562,840,0.181818
1992,647,840,0.818182
1993,562,901,0.200000
1994,562,1346,0.466667
1995,901,1346,0.333333
1996,563,1296,0.555556
1997,563,1476,0.000000
1998,1296,1476,0.444444
1999,565,587,0.388889
2000,565,1059,0.222222
2001,587,1059,0.388889
2002,572,1617,0.062500
2003,572,1853,0.875000
2004,1617,1853,0.062500
2005,576,1034,0.222222
2006,576,1840,0.777778
2007,1034,1840,0.000000
2008,577,1058,0.277778
2009,577,1487,0.222222
2010,1058,1487,0.500000
2011,578,618,0.214286
2012,578,1167,0.071429
2013,618,1167,0.714286
2014,580,790,0.250000
2015,580,1171,0.687500
2016,790,1171,0.062500
2017,583,756,0.333333
2018,583,947,0.555556
2019,756,947,0.111111
2020,583,1092,0.200000
2021,583,1272,0.800000
2022,1092,1272,0.000000
2023,585,649,0.200000
2024,585,1019,0.133333
2025,649,1019,0.666667
2026,585,1091,0.333333
2027,585,1793,0.083333
2028,1091,1793,0.583333
2029,586,906,0.857143
2030,586,979,0.000000
2031,906,979,0.142857
2032,587,864,0.090909
2033,587,1408,0.454545
2034,864,1408,0.454545
2035,588,1162,0.000000
2036,588,1593,0.800000
2037,1162,1593,0.200000
2038,590,1059,0.400000
2039,590,1521,0.333333
2040,1059,1521,0.266667
2041,591,775,0.666667
2042,591,1605,0.200000
2043,775,1605,0.133333
2044,591,1288,0.000000
2045,591,1511,0.944444
2046,1288,1511,0.055556
2047,598,1108,0.142857
2048,598,1353,0.285714
2049,1108,1353,0.571429
2050,601,1536,0.400000
2051,601,1773,0.300000
2052,1536,1773,0.300000
2053,604,899,0.166667
2054,604,1127,0.000000
2055,899,1127,0.833333
2056,604,1606,0.062500
2057,604,1803,0.062500
2058,1606,1803,0.875000
2059,605,1161,0.437500
2060,605,1351,0.375000
2061,1161,1351,0.187500
2062,606,750,0.500000
2063,606,1404,0.062500
2064,750,1404,0.437500
2065,607,703,0.000000
2066,607,1133,0.055556
2067,703,1133,0.944444
2068,610,751,0.611111
2069,610,1033,0.111111
2070,751,1033,0.277778
2071,612,794,0.411765
2072,612,969,0.176471
2073,794,969,0.411765
2074,613,699,0.375000
2075,613,1809,0.437500
2076,699,1809,0.187500
2077,613,1144,0.538462
2078,613,1238,0.384615
2079,1144,1238,0.076923
2080,615,641,0.333333
2081,615,667,0.583333
2082,641,667,0.083333
2083,617,833,0.846154
2084,617,834,0.076923
2085,833,834,0.076923
2086,622,701,0.923077
2087,622,1820,0.076923
2088,701,1820,0.000000
2089,622,1019,0.769231
2090,622,1069,0.153846
2091,1019,1069,0.076923
2092,622,1190,0.000000
2093,622,1197,0.000000
2094,1190,1197,1.000000
2095,622,1194,0.315789
2096,622,1797,0.368421
2097,1194,1797,0.315789
2098,623,1238,0.647059
2099,623,1417,0.352941
2100,1238,1417,0.000000
2101,625,647,0.071429
2102,625,790,0.214286
2103,647,790,0.714286
2104,625,886,0.571429
2105,625,918,0.214286
2106,886,918,0.214286
2107,627,656,0.388889
2108,627,1665,0.611111
2109,656,1665,0.000000
2110,628,1112,0.272727
2111,628,1285,0.727273
2112,1112,1285,0.000000
2113,628,1497,0.066667
2114,628,1826,0.200000
2115,1497,1826,0.733333
2116,629,1420,0.857143
2117,629,1850,0.071429
2118,1420,1850,0.071429
2119,630,716,0.571429
2120,630,1043,0.142857
2121,716,1043,0.285714
2122,631,1058,0.866667
2123,631,1683,0.066667
2124,1058,1683,0.066667
2125,631,1084,0.312500
2126,631,1206,0.687500
2127,1084,1206,0.000000
2128,636,1463,0.000000
2129,636,1845,0.857143
2130,1463,1845,0.142857
2131,637,1449,0.650000
2132,637,1498,0.250000
2133,1449,1498,0.100000
2134,638,1019,0.200000
2135,638,1490,0.133333
2136,1019,1490,0.666667
2137,644,1333,0.062500
2138,644,1622,0.125000
2139,1333,1622,0.812500
2140,645,911,0.000000
2141,645,1349,0.866667
2142,911,1349,0.133333
2143,646,674,0.750000
2144,646,721,0.062500
2145,674,721,0.187500
2146,648,1425,0.166667
2147,648,1785,0.722222
2148,1425,1785,0.111111
2149,649,1488,0.250000
2150,649,1824,0.700000
2151,1488,1824,0.050000
2152,650,695,0.631579
2153,650,1227,0.368421
2154,695,1227,0.000000
2155,650,908,0.611111
2156,650,1320,0.111111
2157,908,1320,0.277778
2158,653,861,0.375000
2159,653,1832,0.375000
2160,861,1832,0.250000
2161,654,1001,0.142857
2162,654,1400,0.428571
2163,1001,1400,0.428571
2164,656,1122,0.062500
2165,656,1792,0.062500
2166,1122,1792,0.875000
2167,657,774,0.529412
2168,657,1109,0.470588
2169,774,1109,0.000000
2170,659,745,0.625000
2171,659,992,0.375000
2172,745,992,0.000000
2173,659,842,0.875000
2174,659,1542,0.062500
2175,842,1542,0.062500
2176,660,997,0.941176
2177,660,1690,0.058824
2178,997,1690,0.000000
2179,662,682,1.000000
2180,662,1357,0.000000
2181,682,1357,0.000000
2182,662,859,0.066667
2183,662,1817,0.933333
2184,859,1817,0.000000
2185,662,1118,0.222222
2186,662,1165,0.444444
2187,1118,1165,0.333333
2188,665,972,0.500000
2189,665,1659,0.071429
2190,972,1659,0.428571
2191,666,699,0.315789
2192,666,1007,0.157895
2193,699,1007,0.526316
2194,668,935,0.750000
2195,668,1077,0.000000
2196,935,1077,0.250000
2197,669,870,0.461538
2198,669,1832,0.307692
2199,870,1832,0.230769
2200,670,1086,0.200000
2201,670,1367,0.133333
2202,1086,1367,0.666667
2203,674,853,0.388889
2204,674,1204,0.000000
2205,853,1204,0.611111
2206,675,910,0.187500
2207,675,1139,0.000000
2208,910,1139,0.812500
2209,676,1189,0.384615
2210,676,1696,0.307692
2211,1189,1696,0.307692
2212,678,1140,0.000000
2213,678,1817,0.692308
2214,1140,1817,0.307692
2215,679,1471,0.294118
2216,679,1519,0.647059
2217,1471,1519,0.058824
2218,680,1368,0.583333
2219,680,1438,0.166667
2220,1368,1438,0.250000
2221,682,1483,0.866667
2222,682,1816,0.000000
2223,1483,1816,0.133333
2224,684,1467,0.214286
2225,684,1793,0.428571
2226,1467,1793,0.357143
2227,687,790,0.615385
2228,687,1336,0.230769
2229,790,1336,0.153846
2230,687,1600,0.000000
2231,687,1829,0.266667
2232,1600,1829,0.733333
2233,688,1419,0.642857
2234,688,1748,0.214286
2235,1419,1748,0.142857
2236,688,1664,0.733333
2237,688,1740,0.133333
2238,1664,1740,0.133333
2239,691,911,0.388889
2240,691,1567,0.166667
2241,911,1567,0.444444
2242,691,966,0.235294
2243,691,1776,0.588235
2244,966,1776,0.176471
2245,693,905,0.200000
2246,693,1798,0.800000
2247,905,1798,0.000000
2248,694,1322,0.846154
2249,694,1576,0.153846
2250,1322,1576,0.000000
2251,695,1051,0.052632
2252,695,1659,0.894737
2253,1051,1659,0.052632
2254,696,927,0.058824
2255,696,1503,0.941176
2256,927,1503,0.000000
2257,699,991,0.176471
2258,699,1368,0.823529
2259,991,1368,0.000000
2260,699,1398,0.705882
2261,699,1568,0.176471
2262,1398,1568,0.117647
2263,702,874,0.411765
2264,702,1608,0.235294
2265,874,1608,0.352941
2266,704,812,0.333333
2267,704,1029,0.416667
2268,812,1029,0.250000
2269,706,731,0.000000
2270,706,1160,1.000000
2271,731,1160,0.000000
2272,706,914,0.714286
2273,706,1120,0.095238
2274,914,1120,0.190476
2275,706,963,0.200000
2276,706,1523,0.600000
2277,963,1523,0.200000
2278,708,1260,0.375000
2279,708,1701,0.062500
2280,1260,1701,0.562500
2281,711,923,0.600000
2282,711,1436,0.300000
2283,923,1436,0.100000
2284,713,1187,0.466667
2285,713,1490,0.200000
2286,1187,1490,0.333333
2287,716,793,0.800000
2288,716,1378,0.133333
2289,793,1378,0.413793
2290,716,1067,0.157895
2291,716,1286,0.157895
2292,1067,1286,0.684211
2293,717,792,0.235294
2294,717,1621,0.058824
2295,792,1621,0.705882
2296,721,1197,0.076923
2297,721,1558,0.923077
2298,1197,1558,0.000000
2299,727,757,0.210526
2300,727,1568,0.052632
2301,757,1568,0.736842
2302,729,1294,0.222222
2303,729,1445,0.388889
2304,1294,1445,0.388889
2305,730,1075,1.000000
2306,730,1627,0.000000
2307,1075,1627,0.000000
2308,731,1184,0.785714
2309,731,1575,0.142857
2310,1184,1575,0.071429
2311,732,988,0.000000
2312,732,1613,0.000000
2313,988,1613,1.000000
2314,732,996,0.250000
2315,732,1619,0.200000
2316,996,1619,0.550000
2317,734,737,0.611111
2318,734,1036,0.277778
2319,737,1036,0.111111
2320,734,986,0.437500
2321,734,1132,0.062500
2322,986,1132,0.500000
2323,735,982,0.000000
2324,735,1411,0.227273
2325,982,1411,0.772727
2326,735,983,0.687500
2327,735,1325,0.187500
2328,983,1325,0.125000
2329,735,1144,0.333333
2330,735,1696,0.466667
2331,1144,1696,0.200000
2332,736,1446,0.000000
2333,736,1710,0.615385
2334,1446,1710,0.384615
2335,738,971,0.062500
2336,738,1279,0.750000
2337,971,1279,0.187500
2338,740,853,0.769231
2339,740,1467,0.000000
2340,853,1467,0.230769
2341,742,1514,0.571429
2342,742,1774,0.428571
2343,1514,1774,0.000000
2344,749,878,0.642857
2345,749,1029,0.357143
2346,878,1029,0.000000
2347,749,1087,0.157895
2348,749,1300,0.789474
2349,1087,1300,0.052632
2350,749,1109,0.133333
2351,749,1360,0.733333
2352,1109,1360,0.133333
2353,749,1639,0.315789
2354,749,1774,0.631579
2355,1639,1774,0.052632
2356,751,1073,0.083333
2357,751,1108,0.916667
2358,1073,1108,0.000000
2359,752,1351,0.062500
2360,752,1782,0.812500
2361,1351,1782,0.125000
2362,752,1478,0.153846
2363,752,1617,0.538462
2364,1478,1617,0.307692
2365,755,1216,0.000000
2366,755,1355,0.764706
2367,1216,1355,0.235294
2368,755,1221,0.000000
2369,755,1619,0.722222
2370,1221,1619,0.277778
2371,757,872,0.571429
2372,757,1716,0.190476
2373,872,1716,0.238095
2374,758,878,0.190476
2375,758,1818,0.476190
2376,878,1818,0.333333
2377,759,1063,0.076923
2378,759,1677,0.846154
2379,1063,1677,0.076923
2380,759,1237,0.473684
2381,759,1757,0.105263
2382,1237,1757,0.421053
2383,760,1358,0.266667
2384,760,1759,0.400000
2385,1358,1759,0.333333
2386,762,1483,0.210526
2387,762,1583,0.368421
2388,1483,1583,0.421053
2389,763,870,0.071429
2390,763,1600,0.142857
2391,870,1600,0.785714
2392,767,1230,0.285714
2393,767,1412,0.000000
2394,1230,1412,0.714286
2395,776,826,0.214286
2396,776,1259,0.642857
2397,826,1259,0.142857
2398,780,947,0.692308
2399,780,1364,0.230769
2400,947,1364,0.076923
2401,780,1243,0.058824
2402,780,1278,0.294118
2403,1243,1278,0.647059
2404,783,837,0.888889
2405,783,1570,0.111111
2406,837,1570,0.000000
2407,783,920,0.000000
2408,783,1412,0.625000
2409,920,1412,0.375000
2410,783,1449,0.846154
2411,783,1495,0.153846
2412,1449,1495,0.000000
2413,783,1675,0.133333
2414,783,1726,0.600000
2415,1675,1726,0.266667
2416,784,991,0.000000
2417,784,1506,0.230769
2418,991,1506,0.769231
2419,785,1613,0.000000
2420,785,1823,0.117647
2421,1613,1823,0.882353
2422,786,871,0.500000
2423,786,1695,0.357143
2424,871,1695,0.142857
2425,787,1025,0.333333
2426,787,1622,0.533333
2427,1025,1622,0.133333
2428,790,1502,0.000000
2429,790,1558,0.411765
2430,1502,1558,0.588235
2431,790,1550,0.222222
2432,790,1743,0.222222
2433,1550,1743,0.555556
2434,792,1196,0.375000
2435,792,1715,0.437500
2436,1196,1715,0.187500
2437,793,1474,0.071429
2438,1378,1474,0.142857
2439,796,1497,0.111111
2440,796,1742,0.833333
2441,1497,1742,0.055556
2442,797,885,0.666667
2443,797,1131,0.066667
2444,885,1131,0.266667
2445,798,1080,0.937500
2446,798,1385,0.000000
2447,1080,1385,0.062500
2448,799,846,0.705882
2449,799,1474,0.000000
2450,846,1474,0.294118
2451,801,1120,0.400000
2452,801,1450,0.400000
2453,1120,1450,0.200000
2454,804,927,0.600000
2455,804,1349,0.200000
2456,927,1349,0.200000
2457,804,1202,0.166667
2458,804,1722,0.666667
2459,1202,1722,0.166667
2460,804,1335,0.266667
2461,804,1491,0.133333
2462,1335,1491,0.600000
2463,805,1096,0.705882
2464,805,1276,0.000000
2465,1096,1276,0.294118
2466,810,1138,0.214286
2467,810,1232,0.214286
2468,1138,1232,0.571429
2469,813,1008,0.133333
2470,813,1142,0.066667
2471,1008,1142,0.800000
2472,815,1248,0.857143
2473,815,1618,0.142857
2474,1248,1618,0.000000
2475,819,1001,0.315789
2476,819,1590,0.421053
2477,1001,1590,0.263158
2478,822,1071,0.187500
2479,822,1702,0.812500
2480,1071,1702,0.000000
2481,827,889,0.538462
2482,827,1536,0.307692
2483,889,1536,0.153846
2484,827,925,0.312500
2485,827,1163,0.250000
2486,925,1163,0.437500
2487,830,870,0.700000
2488,830,1331,0.150000
2489,870,1331,0.150000
2490,830,1179,0.300000
2491,830,1650,0.050000
2492,1179,1650,0.650000
2493,830,1512,0.066667
2494,830,1806,0.200000
2495,1512,1806,0.733333
2496,831,1048,0.666667
2497,831,1176,0.333333
2498,1048,1176,0.000000
2499,836,1052,0.666667
2500,836,1082,0.222222
2501,1052,1082,0.111111
2502,837,1251,0.272727
2503,837,1755,0.090909
2504,1251,1755,0.636364
2505,838,1070,0.615385
2506,838,1339,0.153846
2507,1070,1339,0.230769
2508,838,1082,0.000000
2509,838,1835,0.000000
2510,1082,1835,1.000000
2511,838,1306,0.000000
2512,838,1409,0.050000
2513,1306,1409,0.950000
2514,842,1323,0.000000
2515,842,1759,1.000000
2516,1323,1759,0.000000
2517,844,1677,0.400000
2518,844,1798,0.133333
2519,1677,1798,0.466667
2520,845,1251,0.058824
2521,845,1833,0.058824
2522,1251,1833,0.882353
2523,848,1352,0.562500
2524,848,1386,0.437500
2525,1352,1386,0.000000
2526,848,1577,0.777778
2527,848,1811,0.222222
2528,1577,1811,0.000000
2529,849,902,0.214286
2530,849,1744,0.071429
2531,902,1744,0.714286
2532,850,1719,0.315789
2533,850,1816,0.684211
2534,1719,1816,0.000000
2535,852,1173,0.000000
2536,852,1509,1.000000
2537,1173,1509,0.000000
2538,854,985,0.133333
2539,854,1583,0.333333
2540,985,1583,0.533333
2541,854,1379,0.214286
2542,854,1606,0.000000
2543,1379,1606,0.785714
2544,855,1461,0.000000
2545,855,1538,0.142857
2546,1461,1538,0.857143
2547,857,905,0.230769
2548,857,1029,0.384615
2549,905,1029,0.384615
2550,860,1358,0.000000
2551,860,1386,0.944444
2552,1358,1386,0.055556
2553,862,1245,0.142857
2554,862,1753,0.357143
2555,1245,1753,0.500000
2556,863,1104,0.076923
2557,863,1132,0.000000
2558,1104,1132,0.923077
2559,864,1476,0.058824
2560,864,1660,0.294118
2561,1476,1660,0.647059
2562,865,1407,0.000000
2563,865,1853,1.000000
2564,1407,1853,0.000000
2565,871,926,0.705882
2566,871,1840,0.176471
2567,926,1840,0.117647
2568,871,1182,0.133333
2569,871,1759,0.466667
2570,1182,1759,0.400000
2571,871,1656,0.058824
2572,871,1681,0.705882
2573,1656,1681,0.235294
2574,872,951,0.000000
2575,872,1853,0.333333
2576,951,1853,0.666667
2577,876,1041,0.312500
2578,876,1258,0.187500
2579,1041,1258,0.500000
2580,878,1449,0.888889
2581,878,1613,0.055556
2582,1449,1613,0.055556
2583,885,1560,0.058824
2584,885,1668,0.000000
2585,1560,1668,0.941176
2586,886,920,0.058824
2587,886,1820,0.882353
2588,920,1820,0.058824
2589,893,970,0.307692
2590,893,1175,0.307692
2591,970,1175,0.384615
2592,893,1115,0.875000
2593,893,1158,0.125000
2594,1115,1158,0.000000
2595,897,943,0.062500
2596,897,1358,0.375000
2597,943,1358,0.562500
2598,898,906,0.055556
2599,898,1359,0.944444
2600,906,1359,0.000000
2601,901,1442,0.000000
2602,901,1772,0.066667
2603,1442,1772,0.933333
2604,904,909,0.000000
2605,904,1158,0.944444
2606,909,1158,0.055556
2607,906,1350,0.133333
2608,906,1755,0.266667
2609,1350,1755,0.600000
2610,908,1032,0.176471
2611,908,1813,0.823529
2612,1032,1813,0.000000
2613,909,1146,0.384615
2614,909,1725,0.230769
2615,1146,1725,0.384615
2616,910,1592,0.153846
2617,910,1623,0.307692
2618,1592,1623,0.538462
2619,915,1066,0.500000
2620,915,1634,0.500000
2621,1066,1634,0.000000
2622,916,1156,0.000000
2623,916,1255,0.866667
2624,1156,1255,0.133333
2625,919,1154,0.333333
2626,919,1227,0.166667
2627,1154,1227,0.500000
2628,926,1365,0.058824
2629,926,1591,0.235294
2630,1365,1591,0.705882
2631,930,1544,0.812500
2632,930,1545,0.125000
2633,1544,1545,0.062500
2634,931,1328,0.000000
2635,931,1787,0.312500
2636,1328,1787,0.687500
2637,934,1248,0.157895
2638,934,1784,0.842105
2639,1248,1784,0.000000
2640,944,1274,0.153846
2641,944,1612,0.000000
2642,1274,1612,0.846154
2643,948,1222,0.923077
2644,948,1588,0.076923
2645,1222,1588,0.000000
2646,949,1224,0.411765
2647,949,1572,0.470588
2648,1224,1572,0.117647
2649,952,1147,0.466667
2650,952,1450,0.133333
2651,1147,1450,0.400000
2652,952,1410,0.076923
2653,952,1419,0.846154
2654,1410,1419,0.076923
2655,955,1364,0.705882
2656,955,1815,0.235294
2657,1364,1815,0.058824
2658,956,1118,0.076923
2659,956,1807,0.692308
2660,1118,1807,0.230769
2661,966,1308,0.285714
2662,966,1838,0.000000
2663,1308,1838,0.714286
2664,967,1466,0.055556
2665,967,1747,0.055556
2666,1466,1747,0.888889
2667,971,1196,0.461538
2668,971,1338,0.384615
2669,1196,1338,0.153846
2670,971,1302,0.375000
2671,971,1469,0.125000
2672,1302,1469,0.500000
2673,975,1428,0.105263
2674,975,1775,0.105263
2675,1428,1775,0.789474
2676,976,1230,0.625000
2677,976,1584,0.375000
2678,1230,1584,0.000000
2679,976,1445,0.500000
2680,976,1786,0.142857
2681,1445,1786,0.357143
2682,977,1375,0.083333
2683,977,1838,0.166667
2684,1375,1838,0.750000
2685,982,1530,0.000000
2686,982,1798,0.714286
2687,1530,1798,0.285714
2688,983,1507,0.846154
2689,983,1804,0.000000
2690,1507,1804,0.153846
2691,987,1702,0.500000
2692,987,1753,0.125000
2693,1702,1753,0.375000
2694,988,1125,0.000000
2695,988,1752,0.142857
2696,1125,1752,0.857143
2697,989,1208,0.000000
2698,989,1255,0.055556
2699,1208,1255,0.944444
2700,992,1409,1.000000
2701,992,1606,0.000000
2702,1409,1606,0.000000
2703,994,1286,0.000000
2704,994,1488,0.733333
2705,1286,1488,0.266667
2706,997,1029,0.250000
2707,997,1437,0.625000
2708,1029,1437,0.125000
2709,999,1064,0.352941
2710,999,1353,0.117647
2711,1064,1353,0.529412
2712,999,1315,0.285714
2713,999,1753,0.357143
2714,1315,1753,0.357143
2715,1000,1639,0.142857
2716,1000,1799,0.857143
2717,1639,1799,0.000000
2718,1003,1179,0.000000
2719,1003,1756,0.071429
2720,1179,1756,0.928571
2721,1006,1337,0.000000
2722,1006,1849,0.058824
2723,1337,1849,0.941176
2724,1008,1434,0.562500
2725,1008,1748,0.062500
2726,1434,1748,0.375000
2727,1010,1151,0.176471
2728,1010,1354,0.647059
2729,1151,1354,0.176471
2730,1012,1326,0.250000
2731,1012,1401,0.562500
2732,1326,1401,0.187500
2733,1014,1390,0.214286
2734,1014,1777,0.000000
2735,1390,1777,0.785714
2736,1017,1325,0.000000
2737,1017,1550,0.071429
2738,1325,1550,0.928571
2739,1019,1032,0.500000
2740,1019,1457,0.200000
2741,1032,1457,0.300000
2742,1021,1298,0.642857
2743,1021,1494,0.071429
2744,1298,1494,0.285714
2745,1024,1471,0.076923
2746,1024,1572,0.538462
2747,1471,1572,0.384615
2748,1029,1113,0.466667
2749,1029,1120,0.466667
2750,1113,1120,0.066667
2751,1031,1416,0.052632
2752,1031,1828,0.315789
2753,1416,1828,0.631579
2754,1034,1147,0.000000
2755,1034,1658,1.000000
2756,1147,1658,0.000000
2757,1044,1480,0.666667
2758,1044,1737,0.000000
2759,1480,1737,0.333333
2760,1045,1486,0.454545
2761,1045,1664,0.000000
2762,1486,1664,0.545455
2763,1048,1178,0.052632
2764,1048,1531,0.000000
2765,1178,1531,0.947368
2766,1059,1357,0.125000
2767,1059,1424,0.750000
2768,1357,1424,0.125000
2769,1064,1398,0.000000
2770,1064,1788,0.357143
2771,1398,1788,0.642857
2772,1064,1486,0.153846
2773,1064,1661,0.692308
2774,1486,1661,0.153846
2775,1065,1346,0.625000
2776,1065,1676,0.125000
2777,1346,1676,0.250000
2778,1066,1407,0.058824
2779,1066,1763,0.000000
2780,1407,1763,0.941176
2781,1068,1235,0.090909
2782,1068,1782,0.818182
2783,1235,1782,0.090909
2784,1075,1485,0.000000
2785,1075,1723,0.200000
2786,1485,1723,0.800000
2787,1086,1332,1.000000
2788,1086,1553,0.000000
2789,1332,1553,0.000000
2790,1088,1427,0.066667
2791,1088,1735,0.800000
2792,1427,1735,0.133333
2793,1093,1478,0.636364
2794,1093,1697,0.181818
2795,1478,1697,0.181818
2796,1098,1200,0.533333
2797,1098,1438,0.400000
2798,1200,1438,0.066667
2799,1099,1757,0.000000
2800,1099,1835,0.000000
2801,1757,1835,1.000000
2802,1100,1576,0.500000
2803,1100,1791,0.285714
2804,1576,1791,0.214286
2805,1101,1255,0.285714
2806,1101,1705,0.428571
2807,1255,1705,0.285714
2808,1114,1254,0.500000
2809,1114,1371,0.400000
2810,1254,1371,0.100000
2811,1116,1395,0.266667
2812,1116,1515,0.266667
2813,1395,1515,0.466667
2814,1118,1822,0.933333
2815,1118,1826,0.066667
2816,1822,1826,0.000000
2817,1123,1438,1.000000
2818,1123,1719,0.000000
2819,1438,1719,0.000000
2820,1128,1324,0.750000
2821,1128,1658,0.083333
2822,1324,1658,0.166667
2823,1131,1537,0.000000
2824,1131,1568,0.818182
2825,1537,1568,0.181818
2826,1135,1250,0.111111
2827,1135,1555,0.111111
2828,1250,1555,0.777778
2829,1147,1589,0.428571
2830,1147,1662,0.285714
2831,1589,1662,0.285714
2832,1148,1249,0.117647
2833,1148,1377,0.647059
2834,1249,1377,0.235294
2835,1151,1292,0.875000
2836,1151,1710,0.000000
2837,1292,1710,0.125000
2838,1160,1220,0.933333
2839,1160,1463,0.066667
2840,1220,1463,0.000000
2841,1160,1381,0.153846
2842,1160,1453,0.461538
2843,1381,1453,0.384615
2844,1161,1754,0.125000
2845,1161,1814,0.500000
2846,1754,1814,0.375000
2847,1165,1337,0.058824
2848,1165,1729,0.294118
2849,1337,1729,0.647059
2850,1184,1655,0.100000
2851,1184,1817,0.600000
2852,1655,1817,0.300000
2853,1201,1284,0.105263
2854,1201,1639,0.684211
2855,1284,1639,0.210526
2856,1224,1455,0.157895
2857,1224,1460,0.052632
2858,1455,1460,0.789474
2859,1226,1504,0.100000
2860,1226,1771,0.250000
2861,1504,1771,0.650000
2862,1228,1655,0.083333
2863,1228,1661,0.250000
2864,1655,1661,0.666667
2865,1229,1292,0.437500
2866,1229,1547,0.187500
2867,1292,1547,0.375000
2868,1231,1527,0.250000
2869,1231,1797,0.583333
2870,1527,1797,0.166667
2871,1236,1471,0.500000
2872,1236,1755,0.142857
2873,1471,1755,0.357143
2874,1239,1727,0.470588
2875,1239,1828,0.294118
2876,1727,1828,0.235294
2877,1242,1462,0.230769
2878,1242,1796,0.307692
2879,1462,1796,0.461538
2880,1245,1349,0.384615
2881,1245,1616,0.461538
2882,1349,1616,0.153846
2883,1247,1319,0.937500
2884,1247,1320,0.000000
2885,1319,1320,0.062500
2886,1261,1386,0.894737
2887,1261,1584,0.000000
2888,1386,1584,0.105263
2889,1271,1386,0.187500
2890,1271,1388,0.750000
2891,1386,1388,0.062500
2892,1271,1405,0.352941
2893,1271,1510,0.294118
2894,1405,1510,0.352941
2895,1272,1634,0.105263
2896,1272,1748,0.526316
2897,1634,1748,0.368421
2898,1275,1336,0.214286
2899,1275,1800,0.285714
2900,1336,1800,0.500000
2901,1276,1429,0.050000
2902,1276,1813,0.650000
2903,1429,1813,0.300000
2904,1295,1438,0.058824
2905,1295,1584,0.705882
2906,1438,1584,0.235294
2907,1301,1378,0.352941
2908,1301,1507,0.235294
2909,1378,1507,0.411765
2910,1303,1426,0.705882
2911,1303,1576,0.117647
2912,1426,1576,0.176471
2913,1304,1360,0.833333
2914,1304,1524,0.166667
2915,1360,1524,0.000000
2916,1305,1393,0.000000
2917,1305,1790,0.833333
2918,1393,1790,0.166667
2919,1311,1552,0.285714
2920,1311,1819,0.142857
2921,1552,1819,0.571429
2922,1330,1568,0.466667
2923,1330,1777,0.066667
2924,1568,1777,0.466667
2925,1343,1371,0.500000
2926,1343,1434,0.416667
2927,1371,1434,0.083333
2928,1344,1379,0.952381
2929,1344,1559,0.000000
2930,1379,1559,0.047619
2931,1348,1558,0.100000
2932,1348,1776,0.050000
2933,1558,1776,0.850000
2934,1349,1805,0.500000
2935,1349,1828,0.150000
2936,1805,1828,0.350000
2937,1356,1374,0.631579
2938,1356,1686,0.105263
2939,1374,1686,0.263158
2940,1371,1708,0.105263
2941,1371,1719,0.789474
2942,1708,1719,0.105263
2943,1379,1472,0.285714
2944,1379,1699,0.285714
2945,1472,1699,0.428571
2946,1391,1416,0.777778
2947,1391,1477,0.166667
2948,1416,1477,0.055556
2949,1395,1772,0.166667
2950,1395,1820,0.000000
2951,1772,1820,0.833333
2952,1411,1431,0.714286
2953,1411,1801,0.142857
2954,1431,1801,0.142857
2955,1413,1514,0.111111
2956,1413,1533,0.611111
2957,1514,1533,0.277778
2958,1428,1544,0.500000
2959,1428,1664,0.125000
2960,1544,1664,0.375000
2961,1432,1670,0.500000
2962,1432,1810,0.250000
2963,1670,1810,0.250000
2964,1434,1482,0.000000
2965,1434,1755,0.750000
2966,1482,1755,0.250000
2967,1443,1740,0.615385
2968,1443,1745,0.307692
2969,1740,1745,0.076923
2970,1464,1698,0.294118
2971,1464,1710,0.058824
2972,1698,1710,0.647059
2973,1480,1616,0.142857
2974,1480,1802,0.714286
2975,1616,1802,0.142857
2976,1483,1641,0.526316
2977,1483,1792,0.368421
2978,1641,1792,0.105263
2979,1492,1723,0.400000
2980,1492,1810,0.533333
2981,1723,1810,0.066667
2982,1520,1609,0.647059
2983,1520,1696,0.352941
2984,1609,1696,0.000000
2985,1538,1654,0.705882
2986,1538,1757,0.000000
2987,1654,1757,0.294118
2988,1542,1698,1.000000
2989,1542,1804,0.000000
2990,1698,1804,0.000000
2991,1546,1639,0.000000
2992,1546,1696,0.187500
2993,1639,1696,0.812500
2994,1749,1751,0.583333
2995,1749,1820,0.166667
2996,1751,1820,0.250000
